CPU Name,Performance
AMD EPYC 9654,"126,045"
AMD EPYC 9554P,"109,858"
AMD EPYC 9474F,"104,895"
Intel Xeon w9-3495X,"98,285"
AMD Ryzen Threadripper PRO 5995WX,"98,225"
AMD EPYC 9454P,"96,088"
AMD EPYC 9654P,"94,295"
AMD EPYC 7773X,"91,209"
Intel Xeon Platinum 8470 @2.00GHz,"89,850"
AMD EPYC 9534,"88,716"
AMD EPYC 7763,"86,194"
AMD EPYC 7J13,"85,683"
AMD EPYC 7713,"84,208"
AMD EPYC 7713P,"83,439"
AMD Ryzen Threadripper PRO 3995WX,"83,349"
AMD EPYC 7V13,"82,878"
AMD Ryzen Threadripper 3990X,"80,952"
AMD EPYC 9354P,"78,983"
AMD EPYC 7B13,"77,460"
AMD EPYC 7643,"76,455"
AMD Ryzen Threadripper PRO 5975WX,"75,757"
AMD EPYC 9334,"75,347"
Intel Xeon Platinum 8461V,"74,982"
AMD EPYC 7T83,"74,892"
AMD EPYC 9274F,"73,784"
AMD EPYC 7662,"73,321"
AMD EPYC 7573X,"70,868"
AMD EPYC 7702,"70,506"
AMD EPYC 9254,"70,006"
AMD EPYC 7H12,"69,633"
Intel Xeon w7-3465X,"69,628"
AMD EPYC 75F3,"68,505"
AMD EPYC 7742,"67,625"
Intel Xeon w9-3475X,"67,325"
AMD Ryzen Threadripper PRO 5965WX,"66,613"
AMD EPYC 7543P,"66,608"
AMD EPYC 7R32,"64,727"
AMD Ryzen 9 7950X,"63,358"
AMD Ryzen Threadripper 3970X,"63,268"
AMD Ryzen Threadripper PRO 3975WX,"62,838"
AMD EPYC 7702P,"62,670"
AMD Ryzen 9 7950X3D,"62,645"
Intel Xeon Platinum 8380 @ 2.30GHz,"62,318"
Intel Xeon w7-2495X,"62,082"
Intel Core i9-13900KS,"61,958"
AMD EPYC 74F3,"60,577"
Intel Xeon Gold 6421N,"60,551"
AMD EPYC 7642,"60,047"
AMD EPYC 7513,"59,988"
Intel Core i9-13900K,"59,745"
Intel Core i9-14900KF,"59,384"
AMD EPYC 7473X,"59,280"
Intel Xeon W-3375 @ 2.50GHz,"59,069"
Intel Xeon W-3365 @ 2.70GHz,"59,038"
Intel Core i9-13900KF,"58,984"
AMD EPYC 7443P,"57,642"
Intel Xeon Gold 5420+,"57,593"
Intel Xeon Gold 6448Y,"57,472"
Intel Xeon Gold 6414U,"57,200"
AMD EPYC 7542,"56,728"
AMD Ryzen 9 7945HX,"56,702"
AMD EPYC 7543,"56,562"
Intel Xeon Platinum 8375C @ 2.90GHz,"55,705"
AMD EPYC 9174F,"55,485"
Intel Xeon w7-2475X,"55,163"
AMD Ryzen Threadripper 3960X,"54,877"
AMD EPYC 7443,"54,870"
Intel Xeon Platinum 8358 @ 2.60GHz,"54,416"
AMD EPYC 7532,"53,139"
Intel Xeon Gold 6438N,"52,789"
Intel Core i9-13900F,"52,659"
Intel Xeon Gold 6348 @ 2.60GHz,"52,276"
AMD Ryzen 9 7900X,"52,209"
AMD EPYC 7552,"51,104"
AMD Ryzen 9 7900X3D,"50,693"
AMD EPYC 7453,"50,575"
AMD EPYC 7413,"50,223"
AMD EPYC 7502P,"49,887"
AMD Ryzen Threadripper PRO 5955WX,"49,832"
Intel Core i9-13900,"49,688"
AMD Ryzen 9 PRO 7945,"49,660"
Intel Xeon Platinum 8347C @ 2.10GHz,"49,386"
AMD Ryzen 9 7900,"49,354"
AMD EPYC 7K62,"49,104"
AMD EPYC 7R12,"48,934"
Apple M2 Ultra 24 Core,"48,572"
Intel Xeon w5-2465X,"48,364"
Intel Core i9-13980HX,"48,284"
Intel Xeon W-3345 @ 3.00GHz,"48,261"
AMD EPYC 7452,"48,227"
Intel Xeon Gold 6314U @ 2.30GHz,"48,013"
AMD EPYC 7402,"47,648"
Intel Xeon Gold 6342 @ 2.80GHz,"47,320"
Intel Core i7-13700K,"46,836"
AMD Ryzen 9 7845HX,"46,830"
Intel Xeon w5-3435X,"46,714"
Intel Xeon Gold 6338N @ 2.20GHz,"46,583"
Intel Core i7-13700KF,"46,568"
ARM Neoverse-N1 128 Core 3000 MHz,"46,470"
AMD EPYC 73F3,"46,085"
Intel Core i7-13790F,"46,065"
AMD Ryzen 9 5950X,"45,848"
AMD EPYC 7502,"45,839"
Intel Xeon Gold 6336Y @ 2.40GHz,"45,517"
Intel Core i9-13950HX,"45,312"
Intel Core i9-13900HX,"45,011"
Intel Core i9-12900KS,"44,293"
Intel Core i9-13900T,"44,265"
AMD EPYC 7343,"44,189"
Intel Core i9-13900E,"43,936"
Intel Xeon Gold 6312U @ 2.40GHz,"43,710"
AMD EPYC 9124,"43,453"
Intel Xeon w7-3445,"43,341"
ARM Neoverse-N1 128 Core 2800 MHz,"43,111"
Intel Xeon Gold 6330 @ 2.00GHz,"43,056"
AMD EPYC 7402P,"42,899"
AMD EPYC 7D12,"42,734"
AMD EPYC 7601,"42,244"
AMD EPYC 7313P,"42,032"
Intel Xeon W-3275 @ 2.50GHz,"41,554"
Intel Core i9-12900K,"41,457"
Intel Xeon Gold 6354 @ 3.00GHz,"41,445"
Intel Core i9-12900KF,"41,248"
AMD EPYC 7F52,"41,023"
AMD EPYC 7352,"40,962"
Apple M1 Ultra 20 Core,"40,922"
Intel Xeon Platinum 8275CL @ 3.00GHz,"40,794"
AMD Ryzen Threadripper PRO 5945WX,"40,684"
AMD EPYC 7313,"40,605"
AMD Ryzen Threadripper PRO 3955WX,"40,430"
Intel Xeon W-3275M @ 2.50GHz,"39,979"
Intel Core i7-13700F,"39,896"
Intel Xeon w5-2455X,"39,596"
AMD EPYC 7551P,"39,394"
Intel Xeon W-3335 @ 3.40GHz,"39,293"
AMD Ryzen 9 5900X,"39,265"
AMD Ryzen 9 3950X,"38,920"
Intel Core i7-13850HX,"38,901"
Intel Core i7-13700,"38,719"
Intel Core i5-13600K,"38,353"
Intel Xeon Platinum 8180 @ 2.50GHz,"38,259"
Intel Core i5-13600KF,"38,227"
Intel Xeon w5-3425,"38,056"
Intel Xeon Gold 6346 @ 3.10GHz,"37,722"
Intel Xeon Gold 5320 @ 2.20GHz,"37,558"
Intel Xeon Gold 6238R @ 2.20GHz,"37,511"
Intel Xeon Silver 4316 @ 2.30GHz,"37,264"
Intel Xeon W-3175X @ 3.10GHz,"37,167"
Intel Core i9-12900F,"37,006"
Intel Xeon Gold 6268CL @ 2.80GHz,"36,878"
Intel Xeon Gold 5416S,"36,391"
AMD Ryzen 7 7700X,"36,347"
ARM Neoverse-N1 80 Core 3000 MHz,"36,328"
Intel Xeon Gold 6248R @ 3.00GHz,"35,626"
AMD Ryzen 7 PRO 7745,"35,225"
Intel Xeon Gold 6326 @ 2.90GHz,"35,224"
AMD Ryzen 7 7700,"35,114"
Intel Core i9-12900TE,"35,057"
Intel Xeon Gold 6242R @ 3.10GHz,"34,963"
Intel Core i9-12900HX,"34,927"
Intel Core i7-12700K,"34,746"
AMD Ryzen 9 PRO 5945,"34,730"
AMD Ryzen 7 7800X3D,"34,698"
AMD Ryzen 9 5900,"34,540"
Intel Core i7-12700KF,"34,515"
Intel Core i9-12900,"34,306"
Intel Core i7-13700HX,"34,304"
Intel Xeon Gold 6230R @ 2.10GHz,"34,183"
Intel Xeon Platinum 8260M @ 2.30GHz,"33,970"
Intel Xeon Gold 6338 @ 2.00GHz,"33,814"
Intel Xeon D-2799 @ 2.40GHz,"33,792"
Intel Core i5-13600,"33,524"
AMD Ryzen Threadripper PRO 3945WX,"33,503"
Intel Xeon Gold 5220R @ 2.20GHz,"33,370"
Intel Xeon Gold 6240R @ 2.40GHz,"33,353"
Intel Xeon Gold 5318Y @ 2.10GHz,"33,283"
Intel Core i7-12800HX,"33,131"
Intel Core i9-12950HX,"33,022"
Intel Xeon w5-2445,"32,963"
AMD EPYC 7302,"32,930"
AMD Ryzen 7 7745HX,"32,915"
Intel Core i9-10980XE @ 3.00GHz,"32,849"
Intel Xeon Gold 6278C @ 2.60GHz,"32,835"
Intel Xeon Platinum 8280 @ 2.70GHz,"32,781"
AMD Ryzen 9 3900XT,"32,758"
AMD EPYC 7302P,"32,734"
AMD Ryzen 9 3900X,"32,700"
Intel Xeon Platinum 8168 @ 2.70GHz,"32,549"
Intel Core i5-13500,"32,472"
AMD Ryzen Threadripper 2990WX,"32,416"
Intel Core i7-13650HX,"32,026"
Intel Xeon W-3265M @ 2.70GHz,"32,025"
Intel Core i9-13900HK,"32,019"
Intel Core i9-9980XE @ 3.00GHz,"31,998"
Intel Xeon Platinum 8173M @ 2.00GHz,"31,837"
Intel Core i9-13905H,"31,827"
Intel Xeon Platinum 8268 @ 2.90GHz,"31,632"
AMD Ryzen 9 PRO 3900,"31,299"
AMD Ryzen 9 7940H,"31,099"
AMD EPYC 7371,"31,094"
Intel Core i7-12700F,"30,991"
Intel Core i7-12700,"30,964"
AMD Ryzen 9 7940HS,"30,861"
AMD Ryzen 9 3900,"30,856"
Intel Xeon Platinum 8171M @ 2.60GHz,"30,632"
Intel Xeon W-2295 @ 3.00GHz,"30,568"
AMD EPYC Embedded 7292P,"30,542"
Intel Core i7-12850HX,"30,490"
Intel Xeon Gold 6246R @ 3.40GHz,"30,468"
Intel Xeon Platinum 8259CL @ 2.50GHz,"30,463"
Intel Core i9-7980XE @ 2.60GHz,"30,439"
Intel Xeon W-3245 @ 3.20GHz,"30,371"
Intel Core i5-13600HX,"30,169"
Intel Core i9-9990XE @ 4.00GHz,"30,162"
Intel Xeon W-3265 @ 2.70GHz,"30,105"
Intel Core i9-12900T,"30,078"
Intel Core i9-9960X @ 3.10GHz,"30,060"
Intel Core i9-13900H,"30,002"
AMD Ryzen Threadripper 2970WX,"29,851"
Intel Core i7-12800HE,"29,805"
Intel Xeon Gold 6248 @ 2.50GHz,"29,504"
Intel Xeon Gold 6154 @ 3.00GHz,"29,488"
AMD Ryzen Threadripper 2950X,"29,396"
Intel Xeon Platinum 8260 @ 2.40GHz,"29,360"
Intel Xeon Gold 6254 @ 3.10GHz,"29,356"
AMD EPYC 7282,"29,284"
Intel Xeon W-3245M @ 3.20GHz,"29,277"
Intel Core i7-13700T,"29,275"
AMD Ryzen 7 7840H,"29,171"
Intel Xeon Silver 4314 @ 2.40GHz,"29,163"
AMD Ryzen 7 7840HS,"29,144"
Intel Xeon Gold 6148 @ 2.40GHz,"28,993"
Intel Xeon Gold 6210U @ 2.50GHz,"28,915"
Intel Xeon Silver 4410T,"28,859"
AMD Ryzen 5 7600X,"28,817"
Intel Xeon W-2191B @ 2.30GHz,"28,765"
Intel Core i9-7960X @ 2.80GHz,"28,660"
Intel Core i9-12900H,"28,652"
Intel Xeon Gold 6253CL @ 3.10GHz,"28,549"
Intel Xeon D-2795NT @ 2.00GHz,"28,463"
Intel Core i7-13700H,"28,460"
Intel Core i7-12700E,"28,292"
AMD EPYC 7401P,"28,282"
AMD Ryzen 7 5800X3D,"28,230"
Intel Core i9-12900HK,"28,148"
Intel Core i5-13500HX,"28,115"
ARM Neoverse-N1 64 Core 0 MHz,"28,064"
Intel Core i9-9940X @ 3.30GHz,"28,047"
AMD Ryzen 7 5800X,"28,014"
Intel Xeon Platinum 8160 @ 2.10GHz,"27,968"
Intel Xeon W-2275 @ 3.30GHz,"27,952"
AMD Ryzen 9 PRO 7940HS,"27,912"
Intel Core i9-10940X @ 3.30GHz,"27,829"
Intel Core i5-12600K,"27,790"
AMD Ryzen 5 PRO 7645,"27,734"
Intel Core i5-13490F,"27,675"
AMD Ryzen 5 7600,"27,625"
Intel Xeon Gold 6238 @ 2.10GHz,"27,617"
AMD Ryzen Threadripper 2990X,"27,606"
AMD Ryzen Threadripper 1950X,"27,603"
Intel Core i7-13800H,"27,493"
Intel Xeon Gold 6212U @ 2.40GHz,"27,470"
Intel Core i5-12600KF,"27,466"
Intel Xeon W-2195 @ 2.30GHz,"27,447"
AMD EPYC 7571,"27,445"
Intel Xeon Gold 5317 @ 3.00GHz,"27,402"
Intel Xeon Platinum 8124M @ 3.00GHz,"27,336"
AMD EPYC 72F3,"27,252"
Intel Xeon D-2775TE @ 2.00GHz,"27,209"
Intel Xeon w3-2435,"27,166"
AMD Ryzen 7 7840S,"27,161"
Intel Xeon Gold 6252 @ 2.10GHz,"27,148"
Intel Xeon Gold 6142 @ 2.60GHz,"27,114"
Intel Xeon Gold 6208U @ 2.90GHz,"27,085"
Intel Xeon Gold 6230 @ 2.10GHz,"27,069"
Intel Xeon Gold 6150 @ 2.70GHz,"26,905"
Intel Core i5-13600T,"26,876"
Intel Core i7-13620H,"26,834"
AMD Ryzen 7 5700X,"26,791"
Intel Xeon Platinum 8175M @ 2.50GHz,"26,659"
Intel Core i7-13700TE,"26,616"
Intel Core i5-13450HX,"26,517"
Intel Core i7-12700H,"26,476"
Apple M2 Pro 12 Core 3480 MHz,"26,391"
Intel Core i9-10920X @ 3.50GHz,"26,357"
Intel Xeon D-2796TE @ 2.00GHz,"26,342"
AMD Ryzen 7 PRO 5845,"26,305"
Intel Xeon Gold 6242 @ 2.80GHz,"26,288"
Apple M2 Max 12 Core 3680 MHz,"26,281"
AMD Ryzen Z1 Extreme,"26,279"
AMD Ryzen 5 7500F,"26,270"
Intel Core i9-7940X @ 3.10GHz,"26,245"
Intel Xeon Gold 6226R @ 2.90GHz,"26,240"
AMD Ryzen 7 PRO 7840U,"26,095"
Intel Core i9-12900E,"26,055"
Intel Xeon W-2265 @ 3.50GHz,"26,014"
Intel Xeon Gold 5218R @ 2.10GHz,"25,916"
Intel Xeon W-3323 @ 3.50GHz,"25,875"
AMD Ryzen 7 5800,"25,870"
Intel Xeon W-3235 @ 3.30GHz,"25,823"
Intel Xeon E5-2698R v4 @ 2.20GHz,"25,605"
Intel Core i5-13400F,"25,575"
AMD EPYC 7272,"25,568"
AMD EPYC 7351P,"25,484"
Intel Xeon W-1390P @ 3.50GHz,"25,451"
Intel Core i9-11900K @ 3.50GHz,"25,421"
Intel Xeon Platinum 8167M @ 2.00GHz,"25,396"
Intel Core i9-11900KF @ 3.50GHz,"25,388"
Intel Core i5-13600H,"25,354"
Intel Core i5-13400,"25,275"
AMD Ryzen 7 7840U,"25,263"
Intel Core i9-9920X @ 3.50GHz,"25,170"
Intel Xeon Gold 5415+,"25,033"
AMD Ryzen Threadripper 2920X,"25,031"
AMD Ryzen 7 PRO 7840HS,"24,998"
AMD Ryzen 9 6900HX,"24,930"
AMD EPYC 7501,"24,925"
Intel Core i7-12800H,"24,893"
Intel Xeon E5-2699 v4 @ 2.20GHz,"24,859"
Intel Xeon Gold 6246 @ 3.30GHz,"24,829"
Intel Xeon Gold 6143 @ 2.80GHz,"24,786"
Intel Xeon Gold 6152 @ 2.10GHz,"24,680"
Intel Core i7-11700K @ 3.60GHz,"24,678"
AMD Ryzen 7 5700G,"24,670"
Intel Core i5-12600HE,"24,599"
Intel Xeon E5-2696 v4 @ 2.20GHz,"24,573"
Intel Xeon W-1370P @ 3.60GHz,"24,540"
AMD Ryzen 7 PRO 5750G,"24,428"
AMD Ryzen 7 7735H,"24,427"
AMD Ryzen 7 5700,"24,364"
AMD Ryzen 7 7735HS,"24,188"
Intel Xeon Gold 5220 @ 2.20GHz,"24,154"
Intel Core i5-13500T,"24,148"
Intel Xeon E5-2679 v4 @ 2.50GHz,"24,131"
Intel Xeon W-2170B @ 2.50GHz,"24,064"
Intel Core i7-11700KF @ 3.60GHz,"24,044"
AMD Ryzen 5 7640HS,"24,036"
AMD Ryzen 9 6900HS,"23,985"
Intel Core i5-12600HX,"23,908"
Intel Xeon W-1370 @ 2.90GHz,"23,908"
Intel Xeon W-1390 @ 2.80GHz,"23,902"
Intel Xeon Gold 6140 @ 2.30GHz,"23,782"
Intel Xeon Gold 6122 @ 1.80GHz,"23,781"
Intel Core i7-13705H,"23,753"
AMD Ryzen 7 3800XT,"23,714"
Intel Xeon Silver 4410Y,"23,713"
Intel Xeon W-11865MRE @ 2.60GHz,"23,702"
AMD Ryzen 7 6800H,"23,701"
Intel Xeon E-2388G @ 3.20GHz,"23,694"
AMD Ryzen 9 5980HX,"23,666"
Intel Core i7-12650H,"23,659"
Intel Core i9-7920X @ 2.90GHz,"23,570"
AMD EPYC 7351,"23,566"
Intel Xeon E5-2698 v4 @ 2.20GHz,"23,469"
AMD EPYC 7F32,"23,311"
Intel Xeon Gold 6146 @ 3.20GHz,"23,296"
AMD Ryzen 9 PRO 6950HS,"23,295"
Intel Xeon W-2175 @ 2.50GHz,"23,247"
AMD Ryzen 7 3800X,"23,225"
Intel Xeon Platinum 8176 @ 2.10GHz,"23,179"
AMD Ryzen 7 7736U,"23,163"
Intel Core i9-10900K @ 3.70GHz,"23,148"
AMD Ryzen Threadripper 1920X,"23,063"
Intel Core i9-11980HK @ 2.60GHz,"23,063"
Intel Core i9-11900KB @ 3.30GHz,"23,031"
Intel Core i9-11900 @ 2.50GHz,"23,027"
Intel Core i5-12600H,"23,012"
Intel Xeon W-11955M @ 2.60GHz,"22,995"
Intel Xeon E5-2696 v3 @ 2.30GHz,"22,988"
AMD Ryzen 7 6800HS,"22,976"
AMD Ryzen 7 PRO 3700,"22,975"
AMD Ryzen 7 PRO 6850H,"22,945"
Intel Core i7-11700B @ 3.20GHz,"22,910"
Intel Core i9-10900KF @ 3.70GHz,"22,847"
Intel Xeon W-1290P @ 3.70GHz,"22,812"
Intel Xeon Silver 4310 @ 2.10GHz,"22,797"
AMD Ryzen 9 5900HX,"22,777"
Intel Core i5-13500H,"22,718"
Intel Core i9-11900F @ 2.50GHz,"22,716"
Intel Xeon Gold 6132 @ 2.60GHz,"22,696"
Intel Xeon Platinum P-8124 @ 3.00GHz,"22,674"
AMD Ryzen 7 6800HS Creator Edition,"22,649"
AMD Ryzen 7 3700X,"22,629"
Intel Core i9-10850K @ 3.60GHz,"22,611"
Intel Xeon E5-2699A v4 @ 2.40GHz,"22,586"
AMD Ryzen 9 PRO 6950H,"22,510"
Intel Core i9-10900X @ 3.70GHz,"22,495"
Intel Xeon E-2378G @ 2.80GHz,"22,467"
Intel Core i7-1370P,"22,428"
AMD Ryzen 9 6900HS Creator Edition,"22,366"
Intel Xeon E5-2699C v4 @ 2.20GHz,"22,308"
Intel Xeon W-2255 @ 3.70GHz,"22,250"
AMD Ryzen 7 5700GE,"22,196"
Intel Xeon Gold 6334 @ 3.60GHz,"22,160"
AMD Ryzen 9 5900HS Creator Edition,"22,138"
AMD Ryzen Threadripper 1920,"22,066"
Apple M1 Max 10 Core 3200 MHz,"22,062"
AMD Ryzen 7 PRO 6850HS,"22,044"
AMD Ryzen 7 PRO 5750GE,"22,042"
AMD Ryzen 5 5600X3D,"22,037"
Intel Xeon Gold 5218 @ 2.30GHz,"22,022"
AMD EPYC 7281,"21,981"
AMD Ryzen 5 5600X,"21,935"
AMD Ryzen 5 PRO 5645,"21,904"
AMD Ryzen 9 5900HS,"21,892"
Intel Core i9-9900X @ 3.50GHz,"21,873"
Apple M1 Pro 10 Core 3200 MHz,"21,855"
AMD Ryzen 5 7640U,"21,850"
Intel Xeon Gold 6130T @ 2.10GHz,"21,804"
Intel Core i9-10910 @ 3.60GHz,"21,679"
Intel Core i5-12500H,"21,669"
Apple M2 Pro 10 Core 3480 MHz,"21,622"
AMD Ryzen 5 5600,"21,619"
Intel Xeon E7-8891 v3 @ 2.80GHz,"21,615"
AMD EPYC 7551,"21,600"
Intel Xeon E5-2673 v4 @ 2.30GHz,"21,576"
Intel Xeon E5-2697A v4 @ 2.60GHz,"21,575"
Intel Core i7-12700T,"21,555"
Intel Core i9-11950H @ 2.60GHz,"21,458"
Intel Xeon Gold 5218T @ 2.10GHz,"21,433"
Intel Core i5-1350P,"21,417"
Intel Xeon Gold 6136 @ 3.00GHz,"21,413"
Intel Xeon E5-2686 v4 @ 2.30GHz,"21,391"
Intel Core i5-12600,"21,391"
Intel Core i9-7900X @ 3.30GHz,"21,250"
AMD Ryzen 9 5980HS,"21,232"
AMD Ryzen 7 7735U,"21,214"
AMD Ryzen 7 5800H,"21,184"
AMD Ryzen 7 5800HS Creator Edition,"21,166"
Intel Core i7-11700F @ 2.50GHz,"21,136"
Intel Core i7-7900X @ 3.30GHz,"21,008"
Intel Core i9-11900H @ 2.50GHz,"21,007"
Intel Xeon W-2155 @ 3.30GHz,"21,006"
Intel Xeon Silver 4310T @ 2.30GHz,"20,973"
AMD Ryzen 9 5900H,"20,960"
AMD Ryzen 7 PRO 6850U,"20,921"
Intel Xeon Gold 6250 @ 3.90GHz,"20,915"
AMD Ryzen 7 PRO 6860Z,"20,895"
Intel Xeon Gold 6130 @ 2.10GHz,"20,880"
AMD Ryzen 7 PRO 4700G,"20,848"
Intel Xeon E5-2697R v4 @ 2.30GHz,"20,843"
Intel Core i7-11800H @ 2.30GHz,"20,810"
Intel Core i7-11850H @ 2.50GHz,"20,809"
AMD EPYC 7262,"20,795"
Intel Xeon Gold 5315Y @ 3.20GHz,"20,724"
Intel Core i5-12500E,"20,699"
Intel Core i5-12490F,"20,650"
Intel Xeon Gold 6138T @ 2.00GHz,"20,649"
Intel Core i5-1250P,"20,642"
Intel Xeon Silver 4216 @ 2.10GHz,"20,613"
Intel Core i5-1340P,"20,593"
AMD Ryzen 7 6800U,"20,589"
AMD Ryzen 7 PRO 4750G,"20,548"
AMD Ryzen 7 PRO 7730U,"20,483"
AMD EPYC 7451,"20,471"
AMD Ryzen 7 5800HS,"20,460"
Intel Xeon W-2150B @ 3.00GHz,"20,453"
Intel Xeon E5-2697 v4 @ 2.30GHz,"20,430"
Intel Core i7-1280P,"20,413"
Intel Xeon E5-2699 v3 @ 2.30GHz,"20,326"
Intel Core i9-10900F @ 2.80GHz,"20,319"
Intel Xeon E5-4667 v4 @ 2.20GHz,"20,319"
AMD Ryzen 7 4700G,"20,206"
Intel Xeon W-1290 @ 3.20GHz,"20,157"
Intel Core i9-10900 @ 2.80GHz,"20,067"
Intel Xeon Gold 6138 @ 2.00GHz,"20,017"
Intel Core i5-12500,"20,005"
Intel Core i7-11700 @ 2.50GHz,"19,999"
Intel Xeon Gold 6144 @ 3.50GHz,"19,993"
Intel Xeon E5-2695 v4 @ 2.10GHz,"19,947"
AMD Ryzen 5 5600G,"19,921"
AMD Ryzen 5 PRO 6650H,"19,907"
Intel Core i9-9820X @ 3.30GHz,"19,906"
AMD Ryzen 7 4700GE,"19,898"
AMD Ryzen 5 PRO 5650G,"19,894"
Intel Xeon E5-2690 v4 @ 2.60GHz,"19,872"
Intel Xeon W-1350P @ 4.00GHz,"19,853"
Intel Xeon D-1747NTE @ 2.50GHz,"19,822"
Intel Xeon Gold 6226 @ 2.70GHz,"19,810"
Intel Core i5-13400T,"19,805"
Intel Core i5-11600K @ 3.90GHz,"19,704"
Intel Xeon E5-2682 v4 @ 2.50GHz,"19,702"
Intel Core i5-11600KF @ 3.90GHz,"19,700"
Intel Core i5-12400F,"19,627"
Intel Core i7-1360P,"19,602"
Intel Xeon E-2386G @ 3.50GHz,"19,595"
Intel Core i9-10900E @ 2.80GHz,"19,562"
AMD Ryzen 5 5500,"19,556"
Intel Core i9-9900KS @ 4.00GHz,"19,543"
AMD EPYC 3451,"19,532"
Intel Xeon W-2245 @ 3.90GHz,"19,497"
Intel Core i5-12400,"19,477"
AMD EPYC 7252,"19,411"
Intel Xeon Gold 6137 @ 3.90GHz,"19,365"
AMD Ryzen 9 4900H,"19,314"
Intel Xeon Silver 4309Y @ 2.80GHz,"19,227"
Intel Xeon Gold 6126 @ 2.60GHz,"19,223"
Intel Core i7-1270PE,"19,194"
Intel Xeon E-2356G @ 3.20GHz,"19,184"
AMD Ryzen 9 4900HS,"19,128"
Intel Xeon D-2752TER @ 1.80GHz,"19,102"
AMD Ryzen 5 6600H,"19,096"
AMD Ryzen 5 7540U,"19,093"
Intel Xeon W-1350 @ 3.30GHz,"19,015"
Intel Core i5-13420H,"18,985"
Intel Xeon Gold 6244 @ 3.60GHz,"18,980"
Intel Xeon E5-2676 v4 @ 2.40GHz,"18,978"
Intel Core i7-10700K @ 3.80GHz,"18,958"
Intel Xeon E5-2697 v3 @ 2.60GHz,"18,917"
AMD Ryzen 7 7730U,"18,881"
Intel Core i9-11900T @ 1.50GHz,"18,879"
Intel Xeon E5-2698 v3 @ 2.30GHz,"18,853"
Hygon C86 7255 16-core,"18,831"
ARM Neoverse-N1 80 Core 2600 MHz,"18,823"
Intel Core i7-10700KF @ 3.80GHz,"18,804"
Intel Xeon W-1290E @ 3.50GHz,"18,786"
AMD Ryzen 5 5600GE,"18,748"
AMD Ryzen 5 6600HS Creator Edition,"18,726"
AMD Ryzen 5 3600XT,"18,696"
AMD Ryzen 7 4800H,"18,694"
AMD Ryzen 7 5800U,"18,669"
ARM Neoverse-N1 64 Core 2200 MHz,"18,652"
Intel Xeon W-1270E @ 3.40GHz,"18,635"
AMD Ryzen 7 4800HS,"18,566"
Intel Xeon W-1270P @ 3.80GHz,"18,553"
AMD Ryzen 5 7535HS,"18,535"
AMD Ryzen 7 PRO 4750GE,"18,509"
Intel Xeon w3-2425,"18,504"
AMD Ryzen 5 PRO 5650GE,"18,473"
AMD Ryzen 7 5825U,"18,432"
Intel Core i9-9900K @ 3.60GHz,"18,421"
Intel Core i9-9900KF @ 3.60GHz,"18,419"
Intel Xeon W-1290T @ 1.90GHz,"18,409"
Intel Xeon D-2183IT @ 2.20GHz,"18,385"
AMD Ryzen Embedded V3C48,"18,361"
Intel Xeon Silver 4214R @ 2.40GHz,"18,324"
Intel Xeon W-11855M @ 3.20GHz,"18,264"
Intel Xeon E7-8880 v3 @ 2.30GHz,"18,244"
AMD Ryzen 5 3600X,"18,242"
Intel Xeon E5-2687W v4 @ 3.00GHz,"18,208"
Intel Xeon W-2145 @ 3.70GHz,"18,183"
Intel Core i7-9800X @ 3.80GHz,"18,154"
Intel Xeon E5-2686 v3 @ 2.00GHz,"18,148"
Intel Xeon Gold 5120T @ 2.20GHz,"18,127"
Intel Core i5-11600 @ 2.80GHz,"18,085"
Intel Xeon D-2187NT @ 2.00GHz,"18,070"
AMD 4700S,"18,063"
Intel Xeon E5-2680 v4 @ 2.40GHz,"17,936"
Intel Core i5-12450H,"17,933"
Intel Core i5-1335U,"17,851"
Intel Xeon D-1736NT @ 2.70GHz,"17,826"
Intel Xeon W-1270 @ 3.40GHz,"17,820"
Intel Core i5-11500B @ 3.30GHz,"17,801"
AMD Ryzen 5 3600,"17,785"
Intel Xeon Gold 6234 @ 3.30GHz,"17,752"
Intel Core i5-1250PE,"17,738"
AMD Ryzen 5 PRO 3600,"17,725"
Intel Xeon E5-2683 v4 @ 2.10GHz,"17,714"
Intel Xeon Gold 5120 @ 2.20GHz,"17,686"
AMD Ryzen 5 PRO 7540U,"17,632"
Intel Core i7-1270P,"17,618"
AMD Ryzen 7 2700X,"17,566"
AMD Ryzen 5 7535U,"17,494"
Intel Core i7-6950X @ 3.00GHz,"17,493"
Intel Xeon W-11555MRE @ 2.60GHz,"17,484"
Intel Core i5-12600T,"17,472"
AMD Ryzen 7 4980U Microsoft Surface Edition,"17,469"
Intel Core i5-11500 @ 2.70GHz,"17,455"
Intel Xeon E5-4669 v3 @ 2.10GHz,"17,430"
Intel Xeon W-3223 @ 3.50GHz,"17,382"
Intel Core i5-1240P,"17,363"
Intel Xeon E-2288G @ 3.70GHz,"17,358"
Intel Xeon W-2140B @ 3.20GHz,"17,298"
AMD Ryzen 7 PRO 5850U,"17,277"
Intel Core i7-1260P,"17,241"
Intel Core i7-7820X @ 3.60GHz,"17,230"
Intel Xeon E-2378 @ 2.60GHz,"17,215"
AMD Ryzen 5 6600U,"17,185"
AMD Ryzen 5 4400G,"17,160"
Apple M1 Pro 8 Core 3200 MHz,"17,146"
Intel Core i5-11400F @ 2.60GHz,"17,137"
AMD Ryzen 5 5600H,"17,114"
Intel Core i5-11400 @ 2.60GHz,"17,101"
Intel Xeon E5-2689 v4 @ 3.10GHz,"17,040"
AMD EPYC 7232P,"17,017"
AMD Ryzen Threadripper 1900X,"17,016"
Intel Xeon E-2278G @ 3.40GHz,"16,964"
Intel Core i9-10900TE @ 1.80GHz,"16,914"
AMD Ryzen 7 Extreme Edition,"16,903"
AMD Ryzen 7 4800U,"16,889"
Intel Xeon E5-2680R v4 @ 2.40GHz,"16,865"
AMD Ryzen 7 PRO 2700X,"16,846"
Intel Core i5-12500T,"16,793"
AMD Ryzen 5 PRO 6650U,"16,790"
Intel Xeon E5-2695 v3 @ 2.30GHz,"16,734"
AMD Ryzen Embedded V2748,"16,706"
Intel Core i7-10700F @ 2.90GHz,"16,677"
Intel Core i9-9900 @ 3.10GHz,"16,673"
Intel Xeon Gold 6134 @ 3.20GHz,"16,651"
Intel Xeon E-2336 @ 2.90GHz,"16,640"
Intel Xeon E5-2698B v3 @ 2.00GHz,"16,633"
Intel Xeon Gold 5118 @ 2.30GHz,"16,618"
Intel Core i7-10700 @ 2.90GHz,"16,583"
AMD Ryzen 7 PRO 5875U,"16,539"
Intel Xeon E5-2690 v3 @ 2.60GHz,"16,504"
Intel Xeon w3-2423,"16,457"
Intel Core i5-12500TE,"16,456"
Intel Xeon Silver 4214Y @ 2.20GHz,"16,442"
Intel Core i7-10700E @ 2.90GHz,"16,418"
AMD Ryzen 7 1800X,"16,415"
Intel Core i7-11850HE @ 2.60GHz,"16,409"
Intel Core i5-12400T,"16,400"
AMD Ryzen 5 PRO 4400G,"16,354"
Intel Core i7-11700T @ 1.40GHz,"16,335"
Intel Core i7-10700TE @ 2.00GHz,"16,332"
AMD Ryzen Embedded V2718,"16,281"
AMD Ryzen 5 PRO 4650G,"16,267"
AMD Ryzen 5 PRO 7530U,"16,228"
AMD Ryzen 5 4500,"16,223"
Intel Xeon D-2733NT @ 2.10GHz,"16,206"
Intel Xeon Silver 4214 @ 2.20GHz,"16,190"
AMD Ryzen 5 7530U,"16,135"
Intel Xeon E5-2669 v3 @ 2.30GHz,"16,107"
AMD Ryzen 5 4600G,"16,018"
Intel Xeon E5-2660 v4 @ 2.00GHz,"16,005"
Intel Core i7-11600H @ 2.90GHz,"15,992"
Intel Core i5-11500H @ 2.90GHz,"15,959"
Intel Xeon W-11865MLE @ 1.50GHz,"15,958"
AMD Ryzen 7 4850U Mobile,"15,920"
Intel Xeon E-2278GE @ 3.30GHz,"15,895"
Intel Core i5-11260H @ 2.60GHz,"15,855"
Intel Core i5-11400H @ 2.70GHz,"15,839"
AMD Ryzen 7 5700U,"15,831"
Intel Xeon Gold 5117 @ 2.00GHz,"15,816"
Intel Core i9-10980HK @ 2.40GHz,"15,790"
AMD Ryzen 7 2700,"15,738"
AMD Ryzen 7 PRO 1700X,"15,696"
AMD Ryzen 7 1700X,"15,658"
AMD Ryzen 5 4600GE,"15,641"
Intel Xeon Gold 5215 @ 2.50GHz,"15,624"
Intel Core i7-12700TE,"15,616"
AMD Ryzen 5 PRO 4650GE,"15,615"
Intel Xeon W-10885M @ 2.40GHz,"15,601"
Intel Core i7-1365U,"15,549"
AMD Ryzen Embedded V3C18I,"15,541"
Intel Xeon D-1726 @ 2.90GHz,"15,511"
Apple M2 8 Core 3500 MHz,"15,489"
AMD Ryzen 5 5600U,"15,463"
Intel Xeon Gold 5217 @ 3.00GHz,"15,429"
Intel Core i5-1345U,"15,416"
Intel Xeon E5-4667 v3 @ 2.00GHz,"15,397"
Intel Xeon E5-4660 v4 @ 2.20GHz,"15,375"
AMD Ryzen 7 PRO 2700,"15,370"
Intel Core i7-1355U,"15,355"
Intel Xeon E5-2680 v3 @ 2.50GHz,"15,322"
AMD Ryzen 5 PRO 4655G,"15,276"
Intel Core i9-10885H @ 2.40GHz,"15,262"
AMD Ryzen 7 PRO 4750U,"15,231"
Intel Xeon Silver 4116T @ 2.10GHz,"15,187"
Intel Xeon Silver 4210R @ 2.40GHz,"15,149"
Intel Xeon Silver 4116 @ 2.10GHz,"15,146"
AMD Ryzen 5 5625U,"15,138"
Intel Xeon E-2286M @ 2.40GHz,"15,124"
Intel Core i7-10875H @ 2.30GHz,"15,121"
Intel Xeon D-2166NT @ 2.00GHz,"15,105"
AMD Ryzen 5 5560U,"15,061"
Intel Xeon Silver 4215R @ 3.20GHz,"15,056"
AMD Ryzen 5 PRO 5650U,"14,992"
AMD EPYC 7301,"14,991"
Intel Core i9-10900T @ 1.90GHz,"14,951"
AMD EPYC 7251,"14,935"
Intel Xeon E5-2658A v3 @ 2.20GHz,"14,879"
Intel Xeon D-1733NT @ 2.00GHz,"14,849"
Intel Xeon E5-2683 v3 @ 2.00GHz,"14,830"
AMD Ryzen 7 1700,"14,820"
Intel Xeon E5-1681 v3 @ 2.90GHz,"14,820"
AMD Ryzen 5 PRO 4400GE,"14,795"
Intel Core i3-13100,"14,763"
Intel Core i9-10880H @ 2.30GHz,"14,736"
Intel Xeon E5-2678 v3 @ 2.50GHz,"14,732"
Intel Core i3-13100F,"14,732"
Intel Core i5-11600T @ 1.70GHz,"14,713"
Intel Core i3-12300,"14,706"
Intel Xeon E5-2687W v3 @ 3.10GHz,"14,676"
AMD Ryzen 7 2700E,"14,657"
Intel Xeon Gold 5115 @ 2.40GHz,"14,649"
Intel Core i7-10870H @ 2.20GHz,"14,643"
AMD Ryzen 5 4600H,"14,562"
Intel Core i7-6900K @ 3.20GHz,"14,531"
Intel Core i7-9700K @ 3.60GHz,"14,523"
AMD Ryzen 7 PRO 1700,"14,481"
Intel Xeon W-1250P @ 4.10GHz,"14,440"
Intel Xeon Silver 4215 @ 2.50GHz,"14,439"
Intel Xeon E5-2658 v4 @ 2.30GHz,"14,434"
Intel Core i3-1220P,"14,415"
AMD Ryzen 5 PRO 5675U,"14,414"
Intel Xeon Silver 4123 @ 3.00GHz,"14,405"
Intel Xeon W-2135 @ 3.70GHz,"14,387"
Intel Core i5-10600KF @ 4.10GHz,"14,386"
Intel Core i7-9700KF @ 3.60GHz,"14,384"
Intel Xeon W-2235 @ 3.80GHz,"14,381"
Intel Core i5-10600K @ 4.10GHz,"14,377"
Intel Core i7-8086K @ 4.00GHz,"14,368"
Intel Xeon E5-2666 v3 @ 2.90GHz,"14,355"
AMD Ryzen 5 4600HS,"14,341"
Intel Core i5-1240U,"14,323"
Intel Core i9-9980HK @ 2.40GHz,"14,306"
Intel Xeon E5-2673 v3 @ 2.40GHz,"14,304"
Intel Xeon E5-2697 v2 @ 2.70GHz,"14,292"
Intel Xeon E5-4660 v3 @ 2.10GHz,"14,256"
Intel Xeon D-1732TE @ 1.90GHz,"14,254"
Intel Xeon E-2236 @ 3.40GHz,"14,251"
Apple M1 8 Core 3200 MHz,"14,250"
Intel Core i3-12100E,"14,250"
Intel Core i3-12100F,"14,245"
Intel Xeon E5-2696 v2 @ 2.50GHz,"14,180"
Intel Xeon E5-2676 v3 @ 2.40GHz,"14,007"
AMD Ryzen 5 2600X,"13,965"
Intel Xeon E-2186G @ 3.80GHz,"13,955"
Intel Core i7-1265U,"13,942"
Intel Xeon E-2286G @ 4.00GHz,"13,938"
Intel Xeon Silver 4210 @ 2.20GHz,"13,908"
Intel Xeon E5-2667 v4 @ 3.20GHz,"13,906"
Intel Xeon E5-2650 v4 @ 2.20GHz,"13,890"
Intel Xeon W-1250E @ 3.50GHz,"13,888"
Intel Core i9-9880H @ 2.30GHz,"13,868"
AMD EPYC 3251,"13,862"
Intel Xeon E-2374G @ 3.70GHz,"13,860"
Intel Xeon E-2246G @ 3.60GHz,"13,850"
Intel Xeon E5-2670 v3 @ 2.30GHz,"13,836"
Intel Core i7-1255U,"13,829"
Intel Xeon E5-1680 v4 @ 3.40GHz,"13,817"
Intel Xeon E-2276G @ 3.80GHz,"13,803"
Intel Core i5-10600 @ 3.30GHz,"13,744"
Intel Core i7-8700K @ 3.70GHz,"13,717"
Intel Core i5-11400T @ 1.30GHz,"13,685"
Intel Xeon W-1250 @ 3.30GHz,"13,646"
Intel Core i5-1235U,"13,635"
Intel Xeon Gold 6128 @ 3.40GHz,"13,605"
Intel Core i5-1245U,"13,594"
Intel Xeon E-2176G @ 3.70GHz,"13,586"
Intel Xeon W-1270TE @ 2.00GHz,"13,553"
AMD Ryzen 3 PRO 5350G,"13,544"
Intel Xeon E5-1660 v4 @ 3.20GHz,"13,520"
Intel Core i3-12100,"13,517"
Intel Xeon E5-2690 v2 @ 3.00GHz,"13,489"
Intel Xeon E5-2658 v3 @ 2.20GHz,"13,487"
AMD Ryzen 7 4700U,"13,482"
AMD Ryzen 5 PRO 2600,"13,480"
AMD Ryzen 3 PRO 5350GE,"13,460"
Intel Xeon E-2136 @ 3.30GHz,"13,449"
AMD Ryzen 5 4600U,"13,449"
Intel Core i9-9900T @ 2.10GHz,"13,339"
AMD Ryzen 3 5300GE,"13,321"
Intel Core i7-9700F @ 3.00GHz,"13,295"
Intel Core i7-9700 @ 3.00GHz,"13,285"
Intel Xeon D-1581 @ 1.80GHz,"13,282"
Intel Xeon E-2146G @ 3.50GHz,"13,260"
Intel Core i3-12300T,"13,239"
Intel Xeon E5-2695 v2 @ 2.40GHz,"13,230"
AMD Ryzen Embedded V2516,"13,225"
AMD Ryzen 5 2600,"13,220"
AMD Ryzen 5 3500X,"13,209"
Intel Xeon E5-2660 v3 @ 2.60GHz,"13,189"
Intel Xeon E-2334 @ 3.40GHz,"13,189"
Intel Core i3-13100T,"13,187"
Intel Xeon E5-2675 v3 @ 1.80GHz,"13,180"
AMD Ryzen 5 5500U,"13,175"
AMD Ryzen 5 PRO 4655GE,"13,163"
Intel Core i5-11500T @ 1.50GHz,"13,097"
Intel Xeon E5-1680 v3 @ 3.20GHz,"13,086"
AMD Ryzen 5 1600X,"13,071"
Intel Xeon D-1587 @ 1.70GHz,"13,019"
Intel Xeon Silver 4114 @ 2.20GHz,"12,988"
Intel Xeon E5-4627 v4 @ 2.60GHz,"12,969"
Intel Core i3-12100TE,"12,961"
Intel Xeon E5-2685 v3 @ 2.60GHz,"12,944"
Intel Core i7-8700 @ 3.20GHz,"12,918"
AMD Ryzen 3 5300G,"12,904"
Intel Core i7-9700E @ 2.60GHz,"12,881"
Intel Xeon W-10855M @ 2.80GHz,"12,881"
Intel Core i7-10700T @ 2.00GHz,"12,848"
AMD Ryzen 3 PRO 7330U,"12,846"
Intel Core i7-7800X @ 3.50GHz,"12,839"
AMD Ryzen 5 3500,"12,823"
Intel Core i5-10500 @ 3.10GHz,"12,807"
Intel Core i3-12100T,"12,785"
AMD Ryzen 5 PRO 4650U,"12,727"
Intel Xeon E5-1680 v2 @ 3.00GHz,"12,723"
Intel Core i7-1260U,"12,698"
AMD Ryzen 3 3300X,"12,677"
Intel Core i7-5960X @ 3.00GHz,"12,671"
Intel Xeon W-2133 @ 3.60GHz,"12,647"
Intel Xeon E5-2650L v4 @ 1.70GHz,"12,646"
Intel Xeon E5-2680 v2 @ 2.80GHz,"12,612"
Intel Xeon E5-1660 v3 @ 3.00GHz,"12,591"
Intel Xeon W-11555MLE @ 1.90GHz,"12,591"
Intel Xeon E5-2667 v3 @ 3.20GHz,"12,552"
Intel Core i3-1315U,"12,516"
Intel Xeon D-2143IT @ 2.20GHz,"12,461"
Intel Core i7-1250U,"12,438"
Intel Xeon E5-2618L v4 @ 2.20GHz,"12,406"
Intel Xeon E5-2649 v3 @ 2.30GHz,"12,399"
AMD Ryzen 5 1600,"12,300"
Intel Xeon E5-2667 v2 @ 3.30GHz,"12,280"
Intel Core i5-10400F @ 2.90GHz,"12,257"
Intel Core i5-10505 @ 3.20GHz,"12,220"
Intel Xeon E5-2640 v4 @ 2.40GHz,"12,201"
Intel Core i5-10400 @ 2.90GHz,"12,201"
Intel Xeon E5-2687W v2 @ 3.40GHz,"12,184"
Intel Xeon E5-2673 v2 @ 3.30GHz,"12,128"
Intel Xeon E5-2692 v2 @ 2.20GHz,"12,119"
Intel Xeon D-2141I @ 2.20GHz,"12,117"
AMD Ryzen 5 PRO 4500U,"12,117"
Apple A17 Pro,"12,097"
Intel Core i7-8700B @ 3.20GHz,"12,059"
Intel Core i7-10750H @ 2.60GHz,"12,046"
Intel Xeon E-2278GEL @ 2.00GHz,"12,024"
Intel Core i7-11375H @ 3.30GHz,"12,000"
Intel Xeon E5-2650 v3 @ 2.30GHz,"11,984"
Intel Xeon E5-2650L v3 @ 1.80GHz,"11,926"
Intel Core i7-10850H @ 2.70GHz,"11,904"
ARM Neoverse-N1 32 Core 1700 MHz,"11,820"
Snapdragon 8cx Gen 3 @ 3.0 GHz,"11,814"
Intel Xeon E-2276M @ 2.80GHz,"11,789"
Intel Core i7-11370H @ 3.30GHz,"11,787"
Intel Xeon E5-2663 v3 @ 2.80GHz,"11,777"
ARM Neoverse-N1 80 Core 2800 MHz,"11,755"
Intel CC150 @ 3.50GHz,"11,745"
Intel Xeon D-2146NT @ 2.30GHz,"11,736"
Intel Xeon E5-2630 v4 @ 2.20GHz,"11,730"
Intel Core i3-13100E,"11,650"
Intel Xeon D-1577 @ 1.30GHz,"11,645"
AMD Ryzen 3 3100,"11,634"
Intel Xeon E5-4657L v2 @ 2.40GHz,"11,613"
AMD Ryzen 3 5425U,"11,553"
Intel Xeon E5-2648L v4 @ 1.80GHz,"11,547"
AMD Ryzen 3 5400U,"11,534"
Intel Xeon E5-4669 v4 @ 2.20GHz,"11,523"
Intel Xeon E-2186M @ 2.90GHz,"11,507"
Intel Xeon E5-1650 v4 @ 3.60GHz,"11,467"
Intel Core i7-6850K @ 3.60GHz,"11,431"
Intel Xeon E5-2670 v2 @ 2.50GHz,"11,359"
Intel Core i3-11100B @ 3.60GHz,"11,357"
Intel Core i5-10500H @ 2.50GHz,"11,352"
Intel Xeon E5-4627 v3 @ 2.60GHz,"11,344"
AMD Ryzen 3 PRO 4200G,"11,315"
Intel Core i3-11100HE @ 2.40GHz,"11,289"
AMD Ryzen 3 PRO 5475U,"11,272"
Intel Core i7-9850H @ 2.60GHz,"11,250"
AMD Ryzen 3 4300GE,"11,225"
Intel Core i5-10600T @ 2.40GHz,"11,210"
Intel Xeon E5-2640 v3 @ 2.60GHz,"11,187"
Intel Core i3-1215U,"11,141"
Intel Xeon Silver 4208 @ 2.10GHz,"11,136"
Apple A16 Bionic,"11,132"
Intel Xeon E5-2643 v4 @ 3.40GHz,"11,123"
AMD Ryzen 3 PRO 5450U,"11,109"
Intel Core i3-1210U,"11,087"
Intel Core i7-1195G7 @ 2.90GHz,"11,087"
AMD Ryzen 3 7330U,"11,081"
Intel Xeon Silver 4209T @ 2.20GHz,"11,080"
Intel Xeon E5-2628L v4 @ 1.90GHz,"11,079"
Intel Xeon E-2226G @ 3.40GHz,"11,073"
Intel Xeon E5-4650 v2 @ 2.40GHz,"11,064"
AMD Ryzen 3 4100,"11,049"
AMD Ryzen 5 4500U,"11,016"
Intel Core i5-11300H @ 3.10GHz,"11,013"
AMD Ryzen 3 PRO 4350GE,"10,984"
Intel Core i7-9750H @ 2.60GHz,"10,977"
AMD Ryzen 3 PRO 4350G,"10,965"
Apple A12X Bionic,"10,956"
Intel Core i5-11320H @ 3.20GHz,"10,949"
AMD Ryzen 3 PRO 4200GE,"10,930"
AMD Ryzen 3 4300G,"10,929"
Intel Xeon E5-2618L v3 @ 2.30GHz,"10,881"
Intel Core i5-1230U,"10,861"
AMD Ryzen 5 PRO 1600,"10,861"
Intel Xeon E5-4650 v3 @ 2.10GHz,"10,838"
Intel Xeon E-2176M @ 2.70GHz,"10,828"
Intel Core i5-10500E @ 3.10GHz,"10,827"
Intel Core i5-9600KF @ 3.70GHz,"10,773"
Intel Core i7-6800K @ 3.40GHz,"10,767"
Intel Core i5-9600K @ 3.70GHz,"10,739"
Intel Core i7-9700T @ 2.00GHz,"10,739"
Intel Xeon E-2126G @ 3.30GHz,"10,715"
Intel Core i7-9750HF @ 2.60GHz,"10,707"
Intel Core i7-9700TE @ 1.80GHz,"10,647"
Intel Xeon W-2225 @ 4.10GHz,"10,635"
Intel Core i9-8950HK @ 2.90GHz,"10,607"
Intel Core i7-1185G7 @ 3.00GHz,"10,571"
Intel Xeon E5-2660 v2 @ 2.20GHz,"10,568"
Intel Xeon E5-2658 v2 @ 2.40GHz,"10,559"
AMD Ryzen 3 PRO 4355GE,"10,559"
Intel Xeon E5-2470 v2 @ 2.40GHz,"10,538"
Intel Xeon E5-4620 v3 @ 2.00GHz,"10,525"
Intel Xeon E5-2630L v4 @ 1.80GHz,"10,491"
Intel Xeon D-1567 @ 2.10GHz,"10,447"
Intel Core i7-1185G7E @ 2.80GHz,"10,444"
Intel Xeon E5-2643 v3 @ 3.40GHz,"10,437"
Intel Xeon E5-1650 v3 @ 3.50GHz,"10,405"
Intel Core i7-11390H @ 3.40GHz,"10,380"
Intel Xeon E5-4640 v3 @ 1.90GHz,"10,372"
Intel Core i7-1165G7 @ 2.80GHz,"10,370"
Intel Core i5-1334U,"10,366"
Intel Xeon E5-2630 v3 @ 2.40GHz,"10,362"
Intel Core i3-10325 @ 3.90GHz,"10,354"
Intel Core i5-1155G7 @ 2.50GHz,"10,349"
Intel Xeon Silver 4109T @ 2.00GHz,"10,348"
Intel Core i7-5930K @ 3.50GHz,"10,339"
Intel Xeon E5-1660 v2 @ 3.70GHz,"10,339"
Intel Core i5-9600 @ 3.10GHz,"10,306"
Intel Core i7-8850H @ 2.60GHz,"10,293"
Intel Core i7-8700T @ 2.40GHz,"10,257"
Intel Core i5-8600K @ 3.60GHz,"10,229"
Intel Core i3-N305,"10,226"
Intel Core i5-9500F @ 3.00GHz,"10,212"
Intel Xeon D-1541 @ 2.10GHz,"10,191"
Intel Core i5-10500T @ 2.30GHz,"10,104"
Intel Core i7-4960X @ 3.60GHz,"10,101"
Intel Xeon Silver 4110 @ 2.10GHz,"10,098"
AMD Ryzen 3 PRO 4450U,"10,091"
Intel Core i3-10320 @ 3.80GHz,"10,063"
Intel Xeon D-1540 @ 2.00GHz,"10,061"
Intel Xeon W-2125 @ 4.00GHz,"10,025"
Intel Xeon E5-2687W @ 3.10GHz,"9,997"
Intel Core i5-8600 @ 3.10GHz,"9,965"
Intel Core i7-8750H @ 2.20GHz,"9,962"
Intel Xeon E-2234 @ 3.60GHz,"9,961"
Intel Core i5-1145G7 @ 2.60GHz,"9,959"
Intel Xeon E5-2628L v3 @ 2.00GHz,"9,949"
Intel Core i5-10400T @ 2.00GHz,"9,944"
Intel Xeon E5-2650 v2 @ 2.60GHz,"9,939"
Intel Core i5-1135G7 @ 2.40GHz,"9,916"
Intel Core i7-7740X @ 4.30GHz,"9,878"
Apple A15 Bionic,"9,868"
Intel Core i7-5820K @ 3.30GHz,"9,867"
Intel Xeon E5-2648L v3 @ 1.80GHz,"9,847"
Intel Core i5-9500TE @ 2.20GHz,"9,846"
Intel Core i3-1125G4 @ 2.00GHz,"9,809"
Intel Core i5-9500 @ 3.00GHz,"9,783"
Intel Xeon E-2324G @ 3.10GHz,"9,771"
Intel Xeon E-2274G @ 4.00GHz,"9,760"
Intel Xeon E5-2690 @ 2.90GHz,"9,751"
Intel Core i7-10710U @ 1.10GHz,"9,734"
Intel Xeon E5-2689 @ 2.60GHz,"9,730"
Intel Core i3-1305U,"9,724"
Intel Xeon E-2174G @ 3.80GHz,"9,714"
Intel Xeon D-1718T @ 2.60GHz,"9,713"
AMD Ryzen 3 5300U,"9,706"
Intel Core i7-1068NG7 @ 2.30GHz,"9,677"
AMD Ryzen 5 7520U,"9,667"
Intel Core i7-7700K @ 4.20GHz,"9,657"
Intel Core i3-1215UE,"9,643"
AMD Ryzen 5 PRO 3350GE,"9,643"
Hygon C86 3185 8-core,"9,627"
Intel Core i5-1140G7 @ 1.10GHz,"9,610"
Intel Core i5-8500 @ 3.00GHz,"9,605"
Intel Xeon E-2244G @ 3.80GHz,"9,582"
Intel Core i5-9600T @ 2.30GHz,"9,580"
Intel Xeon E5-4620 v2 @ 2.60GHz,"9,540"
Intel Xeon Gold 5222 @ 3.80GHz,"9,504"
Intel Core i5-9400F @ 2.90GHz,"9,500"
AMD Ryzen 5 2500X,"9,491"
Intel Core i5-1145GRE @ 2.60GHz,"9,428"
Intel Core i7-4930K @ 3.40GHz,"9,417"
Intel Xeon E5-2680 @ 2.70GHz,"9,414"
Intel Xeon E5-2651 v2 @ 1.80GHz,"9,408"
Intel Core i5-1145G7E @ 2.60GHz,"9,392"
Intel Core i3-10300 @ 3.70GHz,"9,389"
Intel Core i5-9400 @ 2.90GHz,"9,386"
Intel Xeon E5-4655 v3 @ 2.90GHz,"9,377"
Apple A12Z Bionic,"9,365"
Snapdragon 8 Gen2 Mobile Platform for Galaxy,"9,362"
AMD Ryzen 5 PRO 3350G,"9,347"
AMD Ryzen 5 3350GE,"9,343"
Intel Xeon E5-1650 v2 @ 3.50GHz,"9,329"
Intel Xeon E5-4627 v2 @ 3.30GHz,"9,320"
Intel Xeon E3-1275 v6 @ 3.80GHz,"9,302"
Intel Core i5-8600T @ 2.30GHz,"9,298"
AMD Ryzen 5 3400G,"9,297"
Intel Core i5-1245UE,"9,283"
AMD Ryzen 5 PRO 1500,"9,279"
Intel Xeon E5-2450 v2 @ 2.50GHz,"9,269"
Intel Core i5-8400 @ 2.80GHz,"9,255"
Intel Xeon E5-2620 v4 @ 2.10GHz,"9,218"
AMD Ryzen 3 7320U,"9,209"
Intel Core i7-1265UE,"9,195"
Mediatek MT8798Z/CNZA,"9,179"
Intel Xeon E-2144G @ 3.60GHz,"9,175"
AMD Ryzen 5 PRO 3400G,"9,170"
Intel Core i5-1038NG7 @ 2.00GHz,"9,170"
Intel Xeon E-2134 @ 3.50GHz,"9,166"
Mediatek MT6983W/CZA,"9,155"
Intel Core i7-1160G7 @ 1.20GHz,"9,145"
Intel Xeon E5-2629 v3 @ 2.40GHz,"9,139"
Intel Xeon E5-2643 v2 @ 3.50GHz,"9,134"
QTI SM8550,"9,129"
Intel Pentium Gold 8505,"9,123"
Intel U300,"9,114"
Intel Core i7-9850HL @ 1.90GHz,"9,112"
Intel Core i3-10305 @ 3.80GHz,"9,108"
Intel Xeon D-1715TER @ 2.40GHz,"9,104"
AMD Ryzen 5 1500X,"9,100"
Intel Xeon D-1548 @ 2.00GHz,"9,075"
Intel Xeon E5-4648 v3 @ 1.70GHz,"9,061"
AMD Ryzen 5 3350G,"9,048"
Intel Xeon E3-1280 v6 @ 3.90GHz,"9,028"
Intel Core i3-10105F @ 3.70GHz,"9,022"
Intel Core i5-8500B @ 3.00GHz,"8,989"
Intel Xeon D-1557 @ 1.50GHz,"8,963"
Intel Core i7-6700K @ 4.00GHz,"8,943"
Intel Xeon E3-1270 v6 @ 3.80GHz,"8,931"
Intel Xeon E5-2670 @ 2.60GHz,"8,930"
AMD Ryzen 5 3400GE,"8,901"
Intel Core i5-3170K @ 3.20GHz,"8,882"
Intel Xeon Gold 5122 @ 3.60GHz,"8,857"
Intel Xeon E5-2630L v3 @ 1.80GHz,"8,834"
Intel Xeon E5-2648L v2 @ 1.90GHz,"8,828"
Intel Xeon Silver 4108 @ 1.80GHz,"8,808"
Intel Core i3-10100F @ 3.60GHz,"8,795"
AMD Ryzen 5 2400G,"8,738"
Intel Xeon E3-1245 v6 @ 3.70GHz,"8,694"
Intel Core i3-10100 @ 3.60GHz,"8,694"
Intel Xeon E3-1240 v6 @ 3.70GHz,"8,688"
ARM X-Gene 32 Core 3300 MHz,"8,684"
Intel Core i7-7700 @ 3.60GHz,"8,657"
Intel Core i3-10105 @ 3.70GHz,"8,641"
Intel Atom C5125,"8,631"
Intel Xeon E5-4650 @ 2.70GHz,"8,630"
Intel Core i7-8809G @ 3.10GHz,"8,619"
ARM - 8 Core 2424 MHz,"8,610"
AMD Ryzen Embedded V1807B,"8,609"
Intel Core i5-1130G7 @ 1.10GHz,"8,599"
Intel Core i7-8559U @ 2.70GHz,"8,597"
Intel Core i5-10400H @ 2.60GHz,"8,588"
Intel Xeon W-2223 @ 3.60GHz,"8,578"
AMD Ryzen Embedded R2544,"8,564"
AMD EPYC 3201,"8,545"
Intel Xeon E3-1285 v6 @ 4.10GHz,"8,536"
Apple A14 Bionic,"8,526"
Intel Core i5-10300H @ 2.50GHz,"8,509"
Intel Xeon W-2123 @ 3.60GHz,"8,493"
AMD Ryzen 5 PRO 2400G,"8,482"
Intel Xeon E5-4650L @ 2.60GHz,"8,472"
Intel Core i5-10500TE @ 2.30GHz,"8,449"
Intel Xeon E5-2628 v3 @ 2.50GHz,"8,447"
Intel Xeon E3-1275 v5 @ 3.60GHz,"8,445"
Intel Core i5-9400T @ 1.80GHz,"8,439"
Intel Core i7-1065G7 @ 1.30GHz,"8,427"
Intel Core i7-3970X @ 3.50GHz,"8,408"
Intel Xeon E3-1585 v5 @ 3.50GHz,"8,408"
Intel Core i5-1035G7 @ 1.20GHz,"8,401"
Intel Xeon E5-1660 @ 3.30GHz,"8,394"
Intel Core i7-3960X @ 3.30GHz,"8,390"
AMD Ryzen 3 7320C,"8,386"
Intel Xeon E3-1280 v5 @ 3.70GHz,"8,377"
Intel Xeon E3-1270 v5 @ 3.60GHz,"8,357"
Intel Core i7-1180G7 @ 1.30GHz,"8,351"
AMD Opteron 6386 SE,"8,320"
AMD Ryzen 5 PRO 3400GE,"8,301"
Intel Xeon E5-2470 @ 2.30GHz,"8,295"
AMD Ryzen Embedded V1756B,"8,291"
Intel Xeon E3-1240 v5 @ 3.50GHz,"8,282"
AMD Athlon Gold PRO 4150GE,"8,259"
Intel Core i7-8569U @ 2.80GHz,"8,253"
Intel Core i7-10810U @ 1.10GHz,"8,244"
Intel Core i5-10200H @ 2.40GHz,"8,239"
Intel Xeon E5-2665 @ 2.40GHz,"8,237"
Intel Core i3-10100E @ 3.20GHz,"8,229"
Intel Xeon E-2314 @ 2.80GHz,"8,227"
Intel Xeon E3-1260L v5 @ 2.90GHz,"8,226"
Intel Xeon E3-1230 v6 @ 3.50GHz,"8,218"
AMD Ryzen 7 3750H,"8,208"
Intel Core i7-1185GRE @ 2.80GHz,"8,203"
ARM X-Gene 32 Core 3000 MHz,"8,202"
Intel Core i7-3930K @ 3.20GHz,"8,202"
Intel Xeon E-2276ME @ 2.80GHz,"8,167"
Intel Xeon E5-2660 @ 2.20GHz,"8,138"
Intel Core i3-10305T @ 3.00GHz,"8,136"
Intel Core i5-9500T @ 2.20GHz,"8,131"
Mediatek MT6896Z/CZA,"8,115"
Intel Core i7-8706G @ 3.10GHz,"8,108"
Intel Core i7-6700 @ 3.40GHz,"8,091"
Intel Xeon E5-1650 @ 3.20GHz,"8,090"
Intel Xeon E3-1585L v5 @ 3.00GHz,"8,083"
Intel Xeon E3-1285L v4 @ 3.40GHz,"8,074"
Intel Core i3-10300T @ 3.00GHz,"8,073"
Intel Core i3-N300,"8,064"
Intel Core i7-4790K @ 4.00GHz,"8,063"
Intel Core i5-8269U @ 2.60GHz,"8,055"
CentaurHauls @2500MHz,"8,052"
Intel Xeon E3-1535M v6 @ 3.10GHz,"8,051"
Intel Xeon E3-1230 v5 @ 3.40GHz,"8,040"
Intel Xeon E3-1245 v5 @ 3.50GHz,"8,035"
Intel Core i5-9400H @ 2.50GHz,"8,031"
Intel Core i3-10105T @ 3.00GHz,"8,012"
Intel Core i5-1035G4 @ 1.10GHz,"8,004"
Intel Xeon D-2712T @ 1.90GHz,"7,990"
Intel Core i5-8259U @ 2.30GHz,"7,975"
Intel Xeon E3-1515M v5 @ 2.80GHz,"7,938"
Intel Core i7-8709G @ 3.10GHz,"7,926"
Intel Xeon E3-1575M v5 @ 3.00GHz,"7,908"
AMD Ryzen 7 2800H,"7,863"
AMD EPYC 3151,"7,860"
AMD Opteron 6348,"7,850"
AMD Ryzen 5 2600H,"7,834"
AMD Ryzen 5 3550H,"7,833"
Intel Core i5-8400H @ 2.50GHz,"7,827"
